{
  "project_info": {
    "project_number": "281543076429",
    "firebase_url": "https://fypazhad.firebaseio.com",
    "project_id": "fypazhad",
    "storage_bucket": "fypazhad.appspot.com"
  },
  "client": [
    {
      "client_info": {
        "mobilesdk_app_id": "1:281543076429:android:7c58249521c408b814ca04",
        "android_client_info": {
          "package_name": "com.example.fypazhad"
        }
      },
      "oauth_client": [
        {
          "client_id": "281543076429-27461u6bbe286vmsjqtoiqbhuoumo0q9.apps.googleusercontent.com",
          "client_type": 1,
          "android_info": {
            "package_name": "com.example.fypazhad",
            "certificate_hash": "72a985475416bc284755d06776e5c680d1f0d798"
          }
        },
        {
          "client_id": "281543076429-m2vm9tuv3te1jg8lec9bpia2pu46aqsv.apps.googleusercontent.com",
          "client_type": 3
        }
      ],
      "api_key": [
        {
          "current_key": "AIzaSyCG22oWn714SI2Zcn4ctzzlrCMBR0hhNog"
        }
      ],
      "services": {
        "appinvite_service": {
          "other_platform_oauth_client": [
            {
              "client_id": "281543076429-m2vm9tuv3te1jg8lec9bpia2pu46aqsv.apps.googleusercontent.com",
              "client_type": 3
            }
          ]
        }
      }
    },
    {
      "client_info": {
        "mobilesdk_app_id": "1:281543076429:android:7c37a3b6a92372a214ca04",
        "android_client_info": {
          "package_name": "com.test.FYPAZHAD"
        }
      },
      "oauth_client": [
        {
          "client_id": "281543076429-m2vm9tuv3te1jg8lec9bpia2pu46aqsv.apps.googleusercontent.com",
          "client_type": 3
        }
      ],
      "api_key": [
        {
          "current_key": "AIzaSyCG22oWn714SI2Zcn4ctzzlrCMBR0hhNog"
        }
      ],
      "services": {
        "appinvite_service": {
          "other_platform_oauth_client": [
            {
              "client_id": "281543076429-m2vm9tuv3te1jg8lec9bpia2pu46aqsv.apps.googleusercontent.com",
              "client_type": 3
            }
          ]
        }
      }
    }
  ],
  "configuration_version": "1"
}